id_hash,section,attempt,username_hash
3800008,11715,1,ecd98b877223abc2a6ac8793a183e8b7
3716471,11715,1,a28b86552d3a67e4978471b9726a8506
3768353,11713,1,ccbf8e7ce9f933871e9f79d53e9489f6
3679240,11714,1,6493bc43b10c5e31303ef5fc3e25e0a2
3704565,11713,1,b79d4b625d2e5bdd78ad57cf255c16af
3798590,11713,1,f69116ec893ab7c815c63a596ff253aa
3783580,11715,1,a87288247846018b601b15b544438d20
3798684,11715,1,ce99cc69182cc1506ee0a60c720fabf3
3770589,11713,1,337e8932134f8a39ad98b145040da767
3683883,11714,1,133a7cd336509efa39908eecea0f3bb4
3796915,11713,1,13b0413742b61436fd25a6e0363d92c9
3708544,11714,1,40cc8a672b96683f48afed7f1eed0c50
3709170,11714,1,3e7649bdd39a61d686b7584e506d68c3
3780590,11715,1,ca25c693fdfcfe7eaf2d8a3ccda3713e
3714750,11714,1,d9a158e5c75f06b829ebae7dae5d4025
3773468,11715,1,1e561fef0632921e83bebd552ebe5e2d
3719796,11715,1,e871cae210949c74230c2931c1543bb2
3795298,11715,1,48324a3e37553bb47c01729e0a0631cf
3796469,11713,1,fe8252ab8c3384290afd55fc3758afcc
3796916,11714,1,731012f1a69b2bb588940cbb6c0a04d9
3799531,11715,1,5551af10a8399ac89d3b6db11fb15b71
3714759,11714,1,d201efa9c4ba772471f906cf03d6357d
3712033,11714,1,085d57fe815c1eb67f36507f83441316
3795296,11714,1,68a3333e98bc3d8a634fc30a7fa57a29
3796927,11714,1,25c0a623017143cc454d8921d67ac2a9
3717820,11713,1,41ad9a932b975d878a2b0051ccbc57a4
3796481,11713,1,24293e260aaec3659c4605941a804222
3806167,11713,1,0fca04105c00aa26700609f7281519b3
3793420,11714,1,6e6273f995dc4bd679aa32624059cc6e
3691729,11715,1,14e5581df129337cfc974f82631290e8
3809612,11713,4,88dbaa988ae1c5f30d8002a8c6a3f6fb
3714079,11713,1,d59c9118f7e2082998ec81c875d97dcb
3702087,11715,1,130d28d5ea9b9301d046b2a2134fa78f
3778492,11714,1,09d668b4e1bc5a0892b664613e175e2b
3703728,11714,1,af93541bef68d40dfc5c5a537127a806
3798514,11713,2,df23560e7a4096c7a2f91811626d21b3
3798514,11713,1,e50c410cbde23f6d18e41c467e6f189a
3796939,11714,2,dcb2433644d749fd8d8a162b9477c950
3755428,11713,1,2d299427292671400eea27ff5fe92b5f
3793466,11715,1,ab822aa43b4f3233eac71b072a7c1a21
3796844,11713,1,29be1098ae46eb5a85c170fb362e1f92
3810672,11715,1,66c09193d4c8c2ae29f04f1d0455961b
3718084,11714,1,a3e7eddb32f7471ea7d21f19b14a144d
3809612,11713,3,cc7a77b7673a1bffdfb3cac4c99cceb9
3755756,11715,1,3aaf12b4b35463e704c704b27fb263b2
3709243,11713,2,39ace31e9c8fb5533fd83a34ddf58c7e
3709243,11713,1,ca3dfa9974a77112944899dd26128049
3560971,11714,1,63717453c62cabdc95b1357180229d83
3754730,11713,1,c318eaefca488edec5179913655d2f1b
3763979,11714,1,096095de56d8e7b68c88b84bc8ba16b2
3695710,11713,1,2f3994d4fa5b76d271754337724a388b
3757389,11715,1,305377baedb159d55e5501de4e8e5165
3767803,11713,1,ae8e7d9c79a141b9266c01d768e1f980
3796869,11715,1,38f82453e946a5f596cab64597657a9a
3754740,11714,1,2326907be6a98bf7f28b8416768d419c
3793766,11715,1,5d1fa1e1e65c8af2f85ec610679e907d
3767372,11714,1,5239a564c6ee70bcdc34ce6d6b72c70d
3563840,11715,1,42611a4d59ce0d7927147c9483ceccee
3790765,11715,1,60a9b2f1b9523c710291cc35b8546c2a
3793555,11713,1,0756218966a3de7f262f33b4941be978
3633013,11713,1,c5142f0abca2887dc78c0ab7ca2293d1
3718281,11714,1,d169a3523365e3ce8c2697ec4a4824b0
3793763,11714,1,206ba58fbac531e8e9af60a2cdf687d7
3772134,11715,1,14792f6c5c7b9d673dd6b5d9636321f0
3793357,11713,1,bbf1dcb119b50489abcca68d39ae65e5
3809612,11713,2,21583ef6d2ebbb2957ae1c84019ad7f0
3809612,11713,1,3d4727708f0318d7a5b4b7241960bf1e
